INSERT INTO Person (firstName, lastName, dateOfBirth, SSN, medicareCardNumber, telephoneNumber, emailAddress) VALUES
('John', 'Doe', '1989-01-16', '123456789', 'M123456', '123-456-7890', 'john.doe@gmail.com'), -- parent to 3
('Jane', 'Smith', '1990-02-22', '987654321', 'M987654', '321-654-0987', 'jane.smith@gmail.com'), -- parent to 5, 13, 17
('Alice', 'Doe', '2017-05-10', '456789123', 'M456789', '123-456-7890', 'alice.doe@hotmail.com'), -- child of 1
('Bob', 'Brown', '1995-04-11', '789123456', 'M789123', '789-123-4567', 'bob.brown@yahoo.com'), -- personnel president
('Charlie', 'Hall', '2020-06-05', '321654987', 'M321664', '321-654-0987', 'charlie.Hall@gmail.com'), -- child of 2
('David', 'Miller', '1982-06-12', '654321987', 'M654321', '654-321-9870', 'david.miller@hotmail.com'), -- personnel gm
('Ella', 'Wilson', '1988-07-22', '123987654', 'M123987', '321-987-6543', 'ella.wilson@hotmail.com'), -- personnel gm
('Frank', 'Moore', '1992-08-09', '987123456', 'M987123', '123-654-7890', 'frank.moore@yahoo.com'), -- personnel gm
('Grace', 'Taylor', '1997-09-30', '456123789', 'M456123', '789-456-1230', 'grace.taylor@yahoo.com'), -- personnel gm
('Hank', 'Anderson', '1983-10-10', '789456123', 'M789456', '456-789-4561', 'hank.anderson@gmail.com'), -- personnel
('Ivy', 'Harris', '1991-11-21', '321789456', 'M321789', '321-789-4561', 'ivy.harris@gmail.com'), -- parent to 16
('Jack', 'Martin', '1994-12-24', '654123987', 'M654123', '654-123-7894', 'jack.martin@gmail.com'), -- parent to 19 & personnel
('Kate', 'Hall', '2016-01-18', '789321654', 'M789321', '321-654-0987', 'kate.Hall@gmail.com'), -- child of 2
('Leo', 'Clark', '1987-02-14', '123654789', 'M123654', '123-654-7892', 'leo.clark@hotmail.com'), -- personnel gm
('Mia', 'Lewis', '1993-03-23', '456987321', 'M456987', '456-987-3214', 'mia.lewis@gmail.com'), -- parent to 20, 21
('Nina', 'Walker', '2015-04-16', '789654321', 'M789654', '321-789-4561', 'nina.walker@hotmail.com'), -- child of 11
('Oscar', 'Hall', '2018-11-02', '321456987', 'M321456', '321-654-0987', 'oscar.hall@yahoo.com'), -- child of 2 
('Pam', 'Young', '1986-08-18', '654789321', 'M654789', '654-789-3216', 'pam.young@yahoo.com'), -- personnel gm
('Quinn', 'Martin', '2019-03-30', '987654123', 'M987774', '654-123-7894', 'quinn.martin@yahoo.com'), -- child of 12
('Rick', 'Lopez', '2016-08-20', '123789654', 'M123789', '456-987-3214', 'rick.lopez@hotmail.com'), -- child of 15
('Sara', 'Lopez', '2019-07-21', '456321789', 'M456321', '456-987-3214', 'sara.lopez@gmail.com'), -- child of 15
('Tom', 'Hill', '1984-10-22', '789123654', 'M781123', '789-123-6540', 'tom.hill@gmail.com'), -- personnel gm
('Uma', 'Scott', '1990-01-15', '321654123', 'M321654', '321-654-1234', 'uma.scott@gmail.com'), -- parent to 27
('Vic', 'Green', '1997-12-24', '654789123', 'M654799', '654-789-1234', 'vic.green@gmail.com'), -- parent to 28
('Walt', 'Adams', '1988-02-25', '987321654', 'M987321', '987-321-6540', 'walt.adams@yahoo.com'), -- personnel gm
('Xena', 'Baker', '1993-05-08', '123456489', 'M113486', '123-456-7899', 'xena.baker@hotmail.com'), -- personnel gm
('Yara', 'Carter', '2020-03-27', '987554321', 'M887654', '321-654-1234', 'yara.carter@hotmail.com'), -- child of 23
('Zane', 'Evans', '2019-06-13', '654321988', 'M654331', '654-789-1234', 'zane.evans@gmail.com'), -- child of 24
('Amy', 'Mitchell', '1995-09-29', '321987654', 'M321987', '321-988-6543', 'amy.mitchell@gmail.com'), -- parent to 30 & personnel
('Ben', 'Perry', '2018-06-30', '654987123', 'M654987', '321-988-6543', 'ben.perry@hotmail.com'), -- child of 29
('Cathy', 'Reed', '1992-07-11', '987321456', 'M987381', '987-321-6541', 'cathy.reed@gmail.com'),-- parent to 32, 34
('Dan', 'Harris', '2017-05-16', '123456123', 'M122656', '987-321-6541', 'dan.harris@gmail.com'), -- child of 31
('Ella', 'Ward', '1987-07-02', '456789456', 'M455589', '456-789-4556', 'ella.ward@gmail.com'), -- personnel
('Frank', 'Harris', '2016-10-03', '789123789', 'M719123', '987-321-6541', 'frank.harris@gmail.com'), -- child of 31
('Grace', 'Gomez', '1989-10-17', '321654321', 'M331654', '321-654-3210', 'grace.gomez@yahoo.com'), -- personnel
('Hank', 'Davis', '2018-12-05', '654321654', 'M657321', '654-321-6540', 'hank.davis@hotmail.com'), -- child of 38
('Ivy', 'Martinez', '1991-11-22', '987654987', 'M987634', '987-654-9870', 'ivy.martinez@hotmail.com'), -- personnel
('Jack', 'Davis', '1992-04-08', '123123123', 'M123123', '654-321-6540', 'jack.davis@gmail.com'), -- parent to 36, 39
('Kate', 'Davis', '2016-09-28', '456456456', 'M456456', '654-321-6540', 'kate.davis@hotmail.com'), -- child of 38
('Leo', 'Brown', '1994-08-31', '789789789', 'M789789', '789-789-7890', 'leo.brown@gmail.com'), -- personnel
('Amber', 'Josephs', '2001-02-22', '102220142', 'M985010', '514-467-8696', 'amber.jones@hotmail.com'), -- tutor of 42 & personnel
('Tyler', 'Collins', '2018-12-13', '948304294', 'M120395', '839-135-8954', 'tyler.collins@gmail.com'), -- associated child of 41
('Emily', 'Johnson', '2017-07-22', '456789012', 'M321450', '876-543-2109', 'emily.johnson@gmail.com'), -- personnel
('Jacob', 'White', '1993-11-05', '567890123', 'M987644', '765-432-1098', 'jacob.white@yahoo.com'), -- personnel
('Elizabeth', 'Swan', '1998-06-30', '678901234', 'M896543', '654-321-0987', 'eliz.swan@hotmail.com'), -- personnel
('Jack', 'Sparrow', '2017-09-12', '789012345', 'M765432', '543-210-9876', 'jackie.boy@gmail.com'),-- personnel
('William', 'Turner', '1985-03-15', '345678901', 'M654021', '987-654-3210', 'william.turner@gmail.com'), -- personnel
('Nicolas', 'Cage', '1990-06-07', '545368901', 'M899223', '654-321-0987', 'nicolas.cage@yahoo.com'), -- parent of 49
('Anya', 'Cage', '2017-02-01', '545368291', 'M899323', '654-321-0987', 'anya.cage@yahoo.com'), -- child of 48
('Tony', 'Stark', '1988-02-19', '678963834', 'M122284', '789-012-3456', 'starkatwork@hotmail.com'), -- parent of 51
('Nicky', 'Stark', '2016-09-23', '514963834', 'M932056', '789-012-3456', 'nickystark@hotmail.com'), -- child of 50
('Pepper', 'Potts', '1992-12-30', '789012385', 'M654284', '123-456-7890', 'peppperpotts@gmail.com'),-- parent of 53
('Howard', 'Potts', '2015-05-22', '938012345', 'M654093', '123-456-7890', 'Howardpotts@gmail.com'),-- child of 52
('Luke', 'Skywalker', '1985-09-05', '890123456', 'M543210', '987-654-3210', 'lukeissky@yahoo.com'),-- parent of 55
('Olivia', 'Skywalker', '2016-11-04', '930403829', 'M873954', '987-654-3210', 'oliviaissky@yahoo.com'),-- child of 54
('Anakin', 'Vader', '1973-04-17', '901234347', 'M309654', '321-987-6540', 'anakinvader@gmail.com'),-- parent of 57
('James', 'Vader', '2018-01-26', '901234923', 'M989654', '321-987-6540', 'vaderinjames@gmail.com'),-- child of 56
('Ava', 'Nitiri', '1980-07-21', '012393678', 'M456730', '654-321-9870', 'ava.nitiri@hotmail.com'),-- parent of 59
('Toruk', 'Nitiri', '2017-09-09', '012345028', 'M436789', '654-321-9870', 'toruk.walker@hotmail.com'),-- child of 58
('Mason', 'Barbosa', '1995-10-12', '937294729', 'M903803', '987-123-4560', 'barbosaatpearl@yahoo.com'),-- parent of 61
('Jackie', 'Barbosa', '2018-02-28', '209837847', 'M894954', '987-123-4560', 'jackiebarbosa@yahoo.com'),-- child of 60
('Davy', 'Jones', '1993-01-25', '384028034', 'M948750', '456-789-1234', 'davyjones@gmail.com'),-- parent of 63
('Calipso', 'Jones', '2016-11-03', '930839762', 'M876584', '456-789-1234', 'jonescalipso@gmail.com'),-- child of 62
('Ethan', 'Hunt', '1986-08-30', '349488901', 'M764732', '321-456-7890', 'ethanhunt@gmail.com'),-- parent of 65
('Gary', 'Hunt', '2018-08-30', '345090901', 'M765352', '321-456-7890', 'garyathunt@gmail.com'), --child of 64
('Max', 'Walker', '2017-09-23', '748385902', 'M553899', '321-789-4561', 'max.walker@gmail.com'), --child of 11
('Fred', 'Walker', '2019-03-02', '574924119', 'M112395', '321-789-4561', 'fred.walker@gmail.com'), --child of 11
('Madeline', 'Walker', '2015-04-16', '798348547', 'M784935', '321-789-4561', 'madeline.walker@hotmail.com'), --child of 11
('Matthew', 'Riehl', '1995-04-22', '738384392', 'M479329', '523-345-7891', 'matthew.riehl@hotmail.com'), --parent to 94, 95, 96, 97
('Grace', 'Shelby', '1987-05-18', '123678033', 'M893451', '674-238-2348', 'grace.shelby@gmail.com'), --parent to 98, 99, 100, 101
('Mila', 'Helburg', '1992-01-12', '934578142', 'M423678', '234-567-1290', 'mila.helburg@hotmail.com'), --parent to 102, 103, 104, 105
('Samuel', 'Lawley', '1979-11-19', '235790572', 'M345792', '789-382-3459', 'samuel.lawley@gmail.com'), --parent to 106, 107, 108, 109
('Richard', 'Dillon', '1990-08-30', '345789105', 'M234781', '234-897-5345', 'richard.dillon@gmail.com'), --parent to 110, 111, 112, 113
('Ella', 'Russel', '1988-12-29', '234789982', 'M678234', '765-456-8902', 'ella.russel@hotmail.com'), --parent to 114, 115, 116, 117
('Aria', 'Stevenson', '1982-01-09', '904823544', 'M045689', '457-345-8914', 'aria.stevenson@gmail.com'), --parent to 118, 119, 120, 121
('Ava', 'Goldman', '2000-06-15', '234578923', 'M234789', '567-784-5673', 'ava.goldman@hotmail.com'), --parent to 122, 123, 124, 125
('Michael', 'Hardy', '1988-08-11', '245789890', 'M489237', '789-345-4568', 'michael.hardy@gmail.com'), --parent to 126, 127, 128, 129
('Tiffany', 'Sapphique', '1996-02-14', '345893406', 'M657893', '295-486-3457', 'tiffany.sapphique@hotmail.com'), --parent to 130, 131, 132, 133
('Lina', 'Chang', '1990-07-28', '456789023', 'M457891', '456-234-5678', 'lina.chang@gmail.com'), --parent to 134, 135, 136, 137
('Lia', 'Cho', '2001-06-06', '345790123', 'M635789', '723-689-2389', 'lia.cho@gmail.com'), --parent to 138, 139, 140, 141
('Kevin', 'Ho', '1989-10-31', '893452349', 'M578934', '589-342-1245', 'kevin.ho@yahoo.com'), --parent to 142, 143, 144, 145
('Kenny', 'Langley', '2002-12-16', '645789035', 'M345678', '458-345-4568', 'kenny.langley@hotmail.com'), --parent to 146, 147, 148, 149
('Tyler', 'Tsukino', '2000-10-21', '893457102', 'M345789', '678-345-6783', 'tyler.tsukino@gmail.com'), --parent to 150, 151, 152, 153
('Hannah', 'Li', '2004-02-10', '345667347', 'M578929', '489-346-5680', 'hannah.li@gmail.com'), --parent to 154, 155, 156, 157
('Chloe', 'Hastings', '1999-09-12', '456789342', 'M672944', '768-789-3459', 'chloe.hastings@gmail.com'), --parent to 158, 159, 160, 161
('Martina', 'Sabine', '1976-12-23', '978345546', 'M456723', '569-345-5679', 'martina.sabine@hotmail.com'), --personnel president
('Arthur', 'Boutin', '1977-11-18', '345689734', 'M456897', '655-678-6459', 'arthur.boutin@gmail.com'), --personnel president
('Jordan', 'Tubbman', '1980-04-25', '456893490', 'M567893', '358-121-3929', 'jordan.tubbman@gmail.com'), --personnel, parent to 162, 163, 164, 165
('Zachary', 'Swanson', '1985-05-13', '678991234', 'M589341', '786-867-5678', 'zachary.swanson@hotmail.com'), --personnel president 
('James', 'Springstein', '1989-08-15', '126784859', 'M568136', '475-578-6894', 'james.springstein@gmail.com'), --personnel president
('Amelia', 'Frank', '1990-02-22', '678941653', 'M978345', '478-789-3468', 'amelia.frank@hotmail.com'), --personnel president, parent to 166, 167, 168, 169
('Amy', 'Wesley', '1989-03-14', '289347458', 'M893617', '659-380-5671', 'amy.westly@gmail.com'), --personnel, parent to 170, 171, 172, 173
('Amanda', 'Stringer', '1991-07-14', '734578512', 'M974312', '574-534-6642', 'amanda.stringer@gmail.com'), --parent to 174, 175, 176, 177
('Mason', 'Riehl', '2016-05-18', '345690839', 'M570345', '523-345-7891', 'mason.riehl@gmail.com'), --child of 69
('Nathan', 'Riehl', '2015-03-04', '456089678', 'M567890', '523-345-7891', 'nathan.riehl@gmail.com'), --child of 69
('Victoria', 'Riehl', '2017-07-23', '396468234', 'M784514', '523-345-7891', 'victoria.riehl@hotmail.com'), --child of 69
('Eva', 'Riehl', '2019-06-21', '129056486', 'M896556', '523-345-7891', 'eva.riehl@gmail.com'), --child of 69
('Savannah', 'Jameson', '2015-04-22', '456890768', 'M912845', '674-238-2348', 'savannah.jameson@gmail.com'), --child of 70
('Sophie', 'Jameson', '2017-10-25', '567892958', 'M578912', '674-238-2348', 'sophie.jameson@hotmail.com'), --child of 70
('Zack', 'Jameson', '2018-02-27', '695678956', 'M694578', '674-238-2348', 'zack.jameson@gmail.com'), --child of 70
('Cody', 'Jameson', '2019-12-11', '975602345', 'M567793', '674-238-2348', 'cody.jameson@gmail.com'), --child of 70
('Sydney', 'Miller', '2015-06-16', '549783457', 'M129045', '234-567-1290', 'sydney.miller@hotmail.com'), --child of 71
('Olivia', 'Miller', '2016-02-19', '945846265', 'M675856', '234-567-1290', 'olivia.miller@hotmail.com'), --child of 71
('Nicholas', 'Miller', '2018-06-04', '567890582', 'M574567', '234-567-1290', 'nicholas.miller@hotmail.com'), --child of 71
('Owen', 'Miller', '2019-09-23', '789456471', 'M120836', '234-567-1290', 'owen.miller@gmail.com'), --child of 71
('Angela', 'Lawley', '2015-03-25', '120809341', 'M895251', '789-382-3459', 'angela.lawley@gmail.com'), --child of 72
('Austin', 'Lawley', '2016-06-26', '675212017', 'M902381', '789-382-3459', 'austin.lawley@gmail.com'), --child of 72
('Brianna', 'Lawley', '2017-11-11', '689579521', 'M235789', '789-382-3459', 'brianna.lawley@hotmail.com'), --child of 72
('Andrew', 'Lawley', '2019-07-03', '912473534', 'M934721', '789-382-3459', 'andrew,lawley@gmail.com'), --child of 72
('Alicia', 'Dillon', '2016-10-21', '201947514', 'M248975', '234-897-5345', 'alicia.dillon@hotmail.com'), --child of 73
('Alexa', 'Dillon', '2018-04-12', '481390756', 'M9357211', '234-897-5345', 'alexa.dillon@gmail.com'), --child of 73
('Christopher', 'Dillon', '2015-08-19', '945984596', 'M349127', '234-897-5345', 'christopher.dillon@hotmail.com'), --child of 73
('Daniel', 'Dillon', '2016-06-26', '102480937', 'M509843', '234-897-5345', 'daniel.dillon@gmail.com'), --child of 73
('Emmanuel', 'Martinez', '2019-02-24', '459134578', 'M724031', '765-456-8902', 'emmanuel.martinez@hotmail.com'), --child of 74
('Jose', 'Martinez', '2015-02-02', '835782234', 'M149281', '765-456-8902', 'jose.martinez@gmail.com'), --child of 74
('Rose', 'Martinez', '2016-01-14', '235789255', 'M734347', '765-456-8902', 'rose.martinez@hotmail.com'), --child of 74
('Sonia', 'Martinez', '2018-08-13', '388838134', 'M488884', '765-456-8902', 'sonia.martinez@gmail.com'), --child of 74
('Anthony', 'Cox', '2014-07-08', '313890334', 'M756567', '457-345-8914', 'anthony.cox@gmail.com'), --child of 75
('Angelo', 'Cox', '2016-04-02', '383345513', 'M123314', '457-345-8914', 'angelo.cox@hotmail.com'), --child of 75
('Jennifer', 'Cox', '2017-10-29', '234978234', 'M634563', '457-345-8914', 'jennifer.cox@hotmail.com'), --child of 75
('Brittany', 'Cox', '2017-10-29', '121222699', 'M567562', '457-345-8914', 'brittany.cox@gmail.com'), --child of 75
('Catherine', 'Cooper', '2019-06-01', '454689068', 'M246113', '567-784-5673', 'catherine.cooper@gmail.com'), --child of 76
('Carter', 'Cooper', '2018-02-12', '357457774', 'M578655', '567-784-5673', 'carter.cooper@gmail.com'), --child of 76
('Hayden', 'Cooper', '2014-11-11', '335676751', 'M683522', '567-784-5673', 'hayden.cooper@gmail.com'), --child of 76
('Christina', 'Cooper', '2016-12-06', '112343576', 'M783452', '567-784-5673', 'christina.cooper@gmail.com'), --child of 76
('Gabriel', 'Hardy', '2014-12-21', '135757845', 'M467434', '789-345-4568', 'gabriel.hardy@hotmail.com'), --child of 77
('Evan', 'Hardy', '2015-04-23', '934893335', 'M854506', '789-345-4568', 'evan.hardy@hotmail.com'), --child of 77
('Tatiana', 'Hardy', '2017-07-23', '289357911', 'M734681', '789-345-4568', 'tatiana.hardy@hotmail.com'), --child of 77
('Sandra', 'Hardy', '2016-12-06', '768934512', 'M856343', '789-345-4568', 'sandra.hardy@hotmail.com'), --child of 77
('Henry', 'Darwin', '2015-11-11', '678384245', 'M143627', '295-486-3457', 'henry.darwin@gmail.com'), --child of 78
('Axel', 'Darwin', '2014-08-08', '385686708', 'M567452', '295-486-3457', 'axel.darwin@hotmail.com'), --child of 78
('Justine', 'Darwin', '2016-10-23', '679964244', 'M356831', '295-486-3457', 'justine.darwin@gmail.com'), --child of 78
('Natasha', 'Darwin', '2020-01-29', '789955672', 'M876532', '295-486-3457', 'natasha.darwin@hotmail.com'), --child of 78
('Ella', 'Black', '2014-03-22', '678567234', 'M765214', '456-234-5678', 'ella.black@hotmail.com'), --child of 79
('Jasmine', 'Black', '2016-11-08', '987564246', 'M678434', '456-234-5678', 'jasmine.black@gmail.com'), --child of 79
('Jeremy', 'Black', '2017-10-01', '789245667', 'M568234', '456-234-5678', 'jeremy.black@hotmail.com'), --child of 79
('Isaac', 'Black', '2018-12-04', '695872291', 'M891247', '456-234-5678', 'isaac.black@gmail.com'), --child of 79
('Julia', 'Soo', '2019-04-27', '235807491', 'M239047', '723-689-2389', 'julia.soo@gmail.com'), --child of 80
('Kaitlyn', 'Soo', '2014-10-24', '231890345', 'M746891', '723-689-2389', 'kaitlyn.soo@gmail.com'), --child of 80
('Kevin', 'Soo', '2016-07-30', '123095547', 'M345978', '723-689-2389', 'kevin.soo@gmail.com'), --child of 80
('Mark', 'Soo', '2018-05-14', '345879342', 'M934581', '723-689-2389', 'mark.soo@gmail.com'), --child of 80
('Ryan', 'Ho', '2016-06-01', '932455678', 'M346978', '589-342-1245', 'ryan.ho@hotmail.com'), --child of 81
('Mia', 'Ho', '2014-01-15', '754897924', 'M346931', '589-342-1245', 'mia.ho@hotmail.com'), --child of 81
('Lily', 'Ho', '2015-09-20', '793568002', 'M381024', '589-342-1245', 'lily.ho@hotmail.com'), --child of 81
('Nicholas', 'Ho', '2017-10-01', '830123445', 'M842012', '589-342-1245', 'nicholas.ho@gmail.com'), --child of 81
('Paige', 'Langley', '2014-07-17', '760119043', 'M763401', '458-345-4568', 'paige.langley@hotmail.com'), --child of 82
('Natalie', 'Langley', '2018-02-12', '831209454', 'M745931', '458-345-4568', 'natalie.langley@hotmail.com'), --child of 82
('Noel', 'Langley', '2015-04-08', '789569021', 'M680492', '458-345-4568', 'noel.langley@hotmail.com'), --child of 82
('Abel', 'Langley', '2015-04-08', '156493808', 'M617890', '458-345-4568', 'abel.langley@gmail.com'), --child of 82
('Cherry', 'Tsukino', '2018-03-28', '756491304', 'M657134', '678-345-6783', 'cherry.tsukino@hotmail.com'), --child of 83
('Serena', 'Tsukino', '2015-07-10', '120538345', 'M761913', '678-345-6783', 'serena.tsukino@hotmail.com'), --child of 83
('Mamoru', 'Tsukino', '2016-04-17', '753102345', 'M086983', '678-345-6783', 'mamoru.tsukino@gmail.com'), --child of 83
('Gurio', 'Tsukino', '2014-09-01', '763498043', 'M561391', '678-345-6783', 'gurio.tsukino@gmail.com'), --child of 83
('Tiffany', 'Li', '2020-04-06', '701343463', 'M192845', '489-346-5680', 'tiffany.li@hotmail.com'), --child of 84
('Ariana', 'Li', '2015-08-28', '932784034', 'M210937', '489-346-5680', 'ariana.li@gmail.com'), --child of 84
('Jackson', 'Li', '2017-11-21', '672449514', 'M671549', '489-346-5680', 'jackson.li@gmail.com'), --child of 84
('Levi', 'Li', '2014-02-22', '901284453', 'M625398', '489-346-5680', 'levi.li@hotmail.com'), --child of 84
('Joseph', 'Chapman', '2019-05-09', '281904321', 'M032195', '768-789-3459', 'joseph.chapman@hotmail.com'), --child of 85
('Elijah', 'Chapman', '2016-01-07', '521834068', 'M821938', '768-789-3459', 'elijah.chapman@gmail.com'), --child of 85
('Scarlett', 'Chapman', '2017-06-26', '431275823', 'M342978', '768-789-3459', 'scarlett.chapman@gmail.com'), --child of 85
('Naomi', 'Chapman', '2015-07-30', '193480712', 'M092374', '768-789-3459', 'naomi.chapman@hotmail.com'), --child of 85
('Aubrey', 'Tubbman', '2019-10-08', '348167593', 'M146978', '358-121-3929', 'aubrey.tubbman@gmail.com'), --child of 88
('Charlotte', 'Tubbman', '2018-01-25', '901247823', 'M892367', '358-121-3929', 'charlotte.tubbman@hotmail.com'), --child of 88
('Isaiah', 'Tubbman', '2016-09-14', '234635464', 'M732894', '358-121-3929', 'isaiah.tubbman@hotmail.com'), --child of 88
('Sebastian', 'Tubbman', '2015-05-12', '820194342', 'M742981', '358-121-3929', 'sebastian.tubbman@hotmail.com'), --child of 88
('Luna', 'Penns', '2014-11-19', '740123567', 'M735642', '478-789-3468', 'luna.penns@gmail.com'), --child of 91
('Aurora', 'Penns', '2016-09-12', '123357912', 'M823490', '478-789-3468', 'aurora.penns@hotmail.com'), --child of 91
('Luke', 'Penns', '2018-11-01', '345312678', 'M543634', '478-789-3468', 'luke.penns@gmail.com'), --child of 91
('Nolan', 'Penns', '2020-02-19', '934812346', 'M523985', '478-789-3468', 'nolan.penns@hotmail.com'), --child of 91
('Nora', 'Somerhalder', '2018-11-01', '478329103', 'M924714', '659-380-5671', 'nora.somerhalder@gmail.com'), --child of 92
('Paul', 'Somerhalder', '2014-08-18', '818345152', 'M579315', '659-380-5671', 'paul.somerhalder@hotmail.com'), --child of 92
('Ian', 'Somerhalder', '2015-11-02', '891345762', 'M892451', '659-380-5671', 'ian.somerhalder@gmail.com'), --child of 92
('Nina', 'Somerhalder', '2015-11-02', '134896051', 'M856731', '659-380-5671', 'nina.somerhalder@gmail.com'), --child of 92
('Paisley', 'Simmons', '2015-06-24', '835143457', 'M896794', '574-534-6642', 'paisley.simmons@hotmail.com'), --child of 93
('Wyatt', 'Simmons', '2017-01-15', '134524567', 'M568345', '574-534-6642', 'wyatt.simmons@gmail.com'), --child of 93
('Madison', 'Simmons', '2018-10-11', '568341667', 'M242345', '574-534-6642', 'madison.simmons@gmail.com'), --child of 93
('Grayson', 'Simmons', '2014-10-13', '579013876', 'M356791', '574-534-6642', 'grayson.simmons@hotmail.com'); --child of 93


INSERT INTO Location (locationName, phoneNumber, webAddress, type, capacity) VALUES 
('YSC Concordia', '514-848-2424', 'https://www.yscconcordia.ca', 'Head', 100),
('YSC McGill',  '514-398-7878', 'https://www.yscmcgill.ca', 'Branch', 100),
('YSC Laval', '450-686-4777', 'https://www.ysclaval.ca', 'Branch', 75),
('YSC Longeuil', '450-463-1835', 'https://www.ysclongeuil.ca', 'Branch', 50),
('YSC Sherbrooke', '450-963-5855', 'https://www.yscsherbrooke.ca', 'Branch', 70),
('YSC Brossard', '450-781-4447', 'https://www.yscbrossard.ca', 'Branch', 40),
('YSC Gatineau', '819-595-3900', 'https://www.yscgatineau.ca', 'Branch', 40),
('YSC Trois-Rivieres', '819-376-5011', 'https://www.ysctrois-rivieres.ca', 'Branch', 30),
('YSC Drummondville', '819-478-5011', 'https://www.yscdrummondville.ca', 'Branch', 30),
('YSC Terrebonne', '450-961-0110', 'https://www.yscterrebonne.ca', 'Branch', 60);

INSERT INTO LocationDetails (address, city, province, postalCode) VALUES
('123 Main St', 'Laval', 'Quebec', 'A1A1A1'),
('456 Elm St', 'Montreal', 'Quebec', 'B2B2B2'),
('101 Pine St', 'Montreal', 'Quebec', 'D4D4D4'),
('303 Birch St', 'Brossard', 'Quebec', 'F6F6F6'),
('404 Cedar St', 'Longeuil', 'Quebec', 'G7G7G7'),
('505 Walnut St', 'Terrebone', 'Quebec', 'H8H8H8'),
('606 Chestnut St', 'Sherbrooke', 'Quebec', 'I9I9I9'),
('707 Spruce St', 'Montreal', 'Quebec', 'J1J1J1'),
('808 Willow St', 'Brossard', 'Quebec', 'K2K2K2'),
('909 Palm St', 'Longeuil', 'Quebec', 'L3L3L3'),
('1111 Fir St', 'Laval', 'Quebec', 'N5N5N5'),
('1212 Redwood St', 'Terrebone', 'Quebec', 'O6O6O6'),
('1515 Poplar St', 'Trois-Riviere', 'Quebec', 'R9R9R9'),
('1919 Alder St', 'Gatineau', 'Quebec', 'V4V4V4'),
('2020 Ash St', 'Gatineau', 'Quebec', 'W5W5W5'),
('2121 Olive St', 'Trois-Riviere', 'Quebec', 'X6X6X6'),
('2222 Mulberry St', 'Drummondville', 'Quebec', 'Y7Y7Y7'),
('2323 Alder St', 'Montreal', 'Quebec', 'Z8Z8Z8'),
('3883 Cedar St', 'Sherbrooke', 'Quebec', 'C2C2C2'),
('4813 Chestnut St', 'Drummondville', 'Quebec', 'E4E4E4'),
('3030 Willow St', 'Terrebone', 'Quebec', 'G6G6G6'),
('3232 Cypress St', 'Sherbrooke', 'Quebec', 'I8I8I8'),
('3333 Fir St', 'Laval', 'Quebec', 'L2L2L2'),
('3434 Redwood St', 'Laval', 'Quebec', 'K1K1K1'),
('3737 Poplar St', 'Trois-Riviere', 'Quebec', 'N4N4N4'),
('2551 Bird St', 'Sherbrooke', 'Quebec', 'H7T5G3'),
('4839 Oak St', 'Sherbrooke', 'Quebec', 'H8G2X1'),
('2020 Maple Ave', 'Toronto', 'Ontario', 'M4B 1B2'),
('404 Birch St', 'Vancouver', 'British Columbia', 'V5K 1A1'),
('303 Cedar St', 'Calgary', 'Alberta', 'T2P 2N5'),
('1010 Pine St', 'Edmonton', 'Alberta', 'T5A 0A1'),
('404 Cedar St', 'Calgary', 'Alberta', 'T2P 1A2'),
('505 Oak St', 'Edmonton', 'Alberta', 'T5A 1A1'),
('606 Pine St', 'Montreal', 'Quebec', 'H1A 1A1'),
('707 Maple St', 'Ottawa', 'Ontario', 'K1A 1A1'),
('808 Elm St', 'Toronto', 'Ontario', 'M5A 1A1'),
('909 Birch St', 'Vancouver', 'British Columbia', 'V6B 1B1'),
('1010 Cedar St', 'Calgary', 'Alberta', 'T3A 1A1'),
('1212 Oak St', 'Edmonton', 'Alberta', 'T6A 1A1'),
('1313 Pine St', 'Montreal', 'Quebec', 'H2A 1A1'),
('1455 De Maisonneuve Blvd. W.', 'Montreal', 'Quebec', 'H3G 1M8'),
('845 Sherbrooke St W', 'Montreal', 'Quebec', 'H3A 0G4'),
('1700 Rue Jacques-Tétreault', 'Laval', 'Quebec', 'H7N 0A5'),
('150 Pl. Charles-Le Moyne', 'Longeuil', 'Quebec', 'J4K 0A8'),
('7141 Sherbrooke Street W.', 'Sherbrooke', 'Quebec', 'H4B 1R6'),
('2000 R. de Éclipse', 'Brossard', 'Quebec', 'J4Z 0S2'),
('283 Alexandre-Taché Blvd', 'Gatineau', 'Quebec', 'J8X 3X7'),
('3351, boulevard des Forges', 'Trois-Rivieres', 'Quebec', 'G8Z 4M3'),
('555 Boul de Université', 'Drummondville', 'Quebec', 'J2C 0R5'),
('550 Chem. du Coteau Suite 100', 'Terrebonne', 'Quebec', 'J6W 5H2'),
('123 Tiger St', 'Laval', 'Quebec', 'H7A1A1'),
('456 Lion Ave', 'Montreal', 'Quebec', 'H3B2B2'),
('789 Bear Rd', 'Longueuil', 'Quebec', 'J4K3C3'),
('101 Wolf Blvd', 'Sherbrooke', 'Quebec', 'J1G4D4'),
('202 Eagle Ln', 'Brossard', 'Quebec', 'J4W5E5'),
('303 Falcon St', 'Gatineau', 'Quebec', 'J8X6F6'),
('404 Hawk Ave', 'Terrebonne', 'Quebec', 'J6W7G7'),
('505 Dolphin Rd', 'Drummondville', 'Quebec', 'J2C8H8'),
('606 Shark Blvd', 'Trois-Rivières', 'Quebec', 'G8Y9I9'),
('707 Whale St', 'Laval', 'Quebec', 'H7B1J1'),
('808 Penguin Ave', 'Montreal', 'Quebec', 'H3C2K2'),
('909 Tiger Rd', 'Longueuil', 'Quebec', 'J4K3L3'),
('1010 Lion Blvd', 'Sherbrooke', 'Quebec', 'J1G4M4'),
('1111 Bear Ln', 'Brossard', 'Quebec', 'J4W5N5'),
('1212 Wolf St', 'Gatineau', 'Quebec', 'J8X6O6'),
('1313 Eagle Ave', 'Terrebonne', 'Quebec', 'J6W7P7'),
('1414 Falcon Rd', 'Drummondville', 'Quebec', 'J2C8Q8'),
('1717 Shark Ave', 'Montreal', 'Quebec', 'H3C2T2'),
('1818 Whale Rd', 'Longueuil', 'Quebec', 'J4K3U3'),
('1919 Penguin Blvd', 'Sherbrooke', 'Quebec', 'J1G4V4'),
('2020 Tiger Ln', 'Brossard', 'Quebec', 'J4W5W5');

INSERT INTO Lives_At (personID, postalCode) VALUES
(1, 'A1A1A1'),
(2, 'B2B2B2'),
(3, 'A1A1A1'),
(4, 'D4D4D4'),
(5, 'B2B2B2'),
(6, 'F6F6F6'),
(7, 'G7G7G7'),
(8, 'H8H8H8'),
(9, 'I9I9I9'),
(10, 'J1J1J1'),
(11, 'K2K2K2'),
(12, 'L3L3L3'),
(13, 'B2B2B2'),
(14, 'N5N5N5'),
(15, 'O6O6O6'),
(16, 'K2K2K2'),
(17, 'B2B2B2'),
(18, 'R9R9R9'),
(19, 'L3L3L3'),
(20, 'O6O6O6'),
(21, 'O6O6O6'),
(22, 'V4V4V4'),
(23, 'W5W5W5'),
(24, 'X6X6X6'),
(25, 'Y7Y7Y7'),
(26, 'Z8Z8Z8'),
(27, 'W5W5W5'),
(28, 'X6X6X6'),
(29, 'C2C2C2'),
(30, 'C2C2C2'),
(31, 'E4E4E4'),
(32, 'E4E4E4'),
(33, 'G6G6G6'),
(34, 'E4E4E4'),
(35, 'I8I8I8'),
(36, 'L2L2L2'),
(37, 'K1K1K1'),
(38, 'L2L2L2'),
(39, 'L2L2L2'),
(40, 'N4N4N4'),
(41, 'H7T5G3'),
(42, 'H8G2X1'),
(43, 'M4B 1B2'),
(44, 'V5K 1A1'),
(45, 'T2P 2N5'),
(46, 'T5A 0A1'),
(47, 'M4B 1B2'),
(48, 'T2P 1A2'),
(49, 'T2P 1A2'),
(50, 'T5A 1A1'),
(51, 'T5A 1A1'),
(52, 'H1A 1A1'),
(53, 'H1A 1A1'),
(54, 'K1A 1A1'),
(55, 'K1A 1A1'),
(56, 'M5A 1A1'),
(57, 'M5A 1A1'),
(58, 'V6B 1B1'),
(59, 'V6B 1B1'),
(60, 'T3A 1A1'),
(61, 'T3A 1A1'),
(62, 'T6A 1A1'),
(63, 'T6A 1A1'),
(64, 'H2A 1A1'),
(65, 'H2A 1A1'),
(66,'K2K2K2'),
(67,'K2K2K2'),
(68,'K2K2K2'),
(69, 'H7A1A1'),
(70, 'H3B2B2'),
(71, 'J4K3C3'),
(72, 'J1G4D4'),
(73, 'J4W5E5'),
(74, 'J8X6F6'),
(75, 'J6W7G7'),
(76, 'J2C8H8'),
(77, 'G8Y9I9'),
(78, 'H7B1J1'),
(79, 'H3C2K2'),
(80, 'J4K3L3'),
(81, 'J1G4M4'),
(82, 'J4W5N5'),
(83, 'J8X6O6'),
(84, 'J6W7P7'),
(85, 'J2C8Q8'),
(88, 'H3C2T2'),
(91, 'J4K3U3'),
(92, 'J1G4V4'),
(93, 'J4W5W5'),
(94, 'H7A1A1'),
(95, 'H7A1A1'),
(96, 'H7A1A1'),
(97, 'H7A1A1'),
(98, 'H3B2B2'),
(99, 'H3B2B2'),
(100, 'H3B2B2'),
(101, 'H3B2B2'),
(102, 'J4K3C3'),
(103, 'J4K3C3'),
(104, 'J4K3C3'),
(105, 'J4K3C3'),
(106, 'J1G4D4'),
(107, 'J1G4D4'),
(108, 'J1G4D4'),
(109, 'J1G4D4'),
(110, 'J4W5E5'),
(111, 'J4W5E5'),
(112, 'J4W5E5'),
(113, 'J4W5E5'),
(114, 'J8X6F6'),
(115, 'J8X6F6'),
(116, 'J8X6F6'),
(117, 'J8X6F6'),
(118, 'J6W7G7'),
(119, 'J6W7G7'),
(120, 'J6W7G7'),
(121, 'J6W7G7'),
(122, 'J2C8H8'),
(123, 'J2C8H8'),
(124, 'J2C8H8'),
(125, 'J2C8H8'),
(126, 'G8Y9I9'),
(127, 'G8Y9I9'),
(128, 'G8Y9I9'),
(129, 'G8Y9I9'),
(130, 'H7B1J1'),
(131, 'H7B1J1'),
(132, 'H7B1J1'),
(133, 'H7B1J1'),
(134, 'H3C2K2'),
(135, 'H3C2K2'),
(136, 'H3C2K2'),
(137, 'H3C2K2'),
(138, 'J4K3L3'),
(139, 'J4K3L3'),
(140, 'J4K3L3'),
(141, 'J4K3L3'),
(142, 'J1G4M4'),
(143, 'J1G4M4'),
(144, 'J1G4M4'),
(145, 'J1G4M4'),
(146, 'J4W5N5'),
(147, 'J4W5N5'),
(148, 'J4W5N5'),
(149, 'J4W5N5'),
(150, 'J8X6O6'),
(151, 'J8X6O6'),
(152, 'J8X6O6'),
(153, 'J8X6O6'),
(154, 'J6W7P7'),
(155, 'J6W7P7'),
(156, 'J6W7P7'),
(157, 'J6W7P7'),
(158, 'J2C8Q8'),
(159, 'J2C8Q8'),
(160, 'J2C8Q8'),
(161, 'J2C8Q8'),
(162, 'H3C2T2'),
(163, 'H3C2T2'),
(164, 'H3C2T2'),
(165, 'H3C2T2'),
(166, 'J4K3U3'),
(167, 'J4K3U3'),
(168, 'J4K3U3'),
(169, 'J4K3U3'),
(170, 'J1G4V4'),
(171, 'J1G4V4'),
(172, 'J1G4V4'),
(173, 'J1G4V4'),
(174, 'J4W5W5'),
(175, 'J4W5W5'),
(176, 'J4W5W5'),
(177, 'J4W5W5');

INSERT INTO Found_At (locationID, postalCode) VALUES 
(1, 'H3G 1M8'),
(2, 'H3A 0G4'),
(3, 'H7N 0A5'),
(4, 'J4K 0A8'),
(5, 'H4B 1R6'),
(6, 'J4Z 0S2'),
(7, 'J8X 3X7'),
(8, 'G8Z 4M3'),
(9, 'J2C 0R5'),
(10, 'J6W 5H2');

INSERT INTO FamilyMember (personID) VALUES 
(1), -- (parent's personID)
(2),
(11),
(12),
(15),
(23),
(24),
(29),
(31),
(38),
(41),
(48),
(50),
(52),
(54),
(56),
(58),
(60),
(62),
(64),
(69),
(70),
(71),
(72),
(73),
(74),
(75),
(76),
(77),
(78),
(79),
(80),
(81),
(82),
(83),
(84),
(85),
(88),
(91),
(92),
(93);

INSERT INTO ClubMember (personID, gender) VALUES 
(3, 'Female'), -- (child's ID, gender)
(5, 'Male'),
(13,'Female'),
(17, 'Male'),
(16, 'Female'),
(19, 'Female'),
(20, 'Male'),
(21, 'Female'),
(27, 'Female'),
(28, 'Male'),
(30, 'Male'),
(32, 'Male'),
(34, 'Male'),
(36, 'Male'),
(39, 'Female'),
(42, 'Male'),
(49, 'Female'),
(51, 'Female'),
(53, 'Male'),
(55, 'Female'),
(57, 'Male'),
(59, 'Male'),
(61, 'Female'),
(63, 'Female'),
(65, 'Male'),
(66, 'Male'),
(67, 'Male'),
(68, 'Female'),
(94, 'Male'),
(95, 'Male'),
(96, 'Female'),
(97, 'Female'),
(98, 'Female'),
(99, 'Female'),
(100, 'Male'),
(101, 'Male'),
(102, 'Female'),
(103, 'Female'),
(104, 'Male'),
(105, 'Male'),
(106, 'Female'),
(107, 'Male'),
(108, 'Female'),
(109, 'Male'),
(110, 'Female'),
(111, 'Female'),
(112, 'Male'),
(113, 'Male'),
(114, 'Male'),
(115, 'Male'),
(116, 'Female'),
(117, 'Female'),
(118, 'Male'),
(119, 'Male'),
(120, 'Female'),
(121, 'Female'),
(122, 'Female'),
(123, 'Male'),
(124, 'Male'),
(125, 'Female'),
(126, 'Male'),
(127, 'Male'),
(128, 'Female'),
(129, 'Female'),
(130, 'Male'),
(131, 'Male'),
(132, 'Female'),
(133, 'Female'),
(134, 'Female'),
(135, 'Female'),
(136, 'Male'),
(137, 'Male'),
(138, 'Female'),
(139, 'Female'),
(140, 'Male'),
(141, 'Male'),
(142, 'Male'),
(143, 'Female'),
(144, 'Female'),
(145, 'Male'),
(146, 'Female'),
(147, 'Female'),
(148, 'Male'),
(149, 'Male'),
(150, 'Female'),
(151, 'Female'),
(152, 'Male'),
(153, 'Male'),
(154, 'Female'),
(155, 'Female'),
(156, 'Male'),
(157, 'Male'),
(158, 'Male'),
(159, 'Male'),
(160, 'Female'),
(161, 'Female'),
(162, 'Female'),
(163, 'Female'),
(164, 'Male'),
(165, 'Male'),
(166, 'Female'),
(167, 'Female'),
(168, 'Male'),
(169, 'Male'),
(170, 'Female'),
(171, 'Male'),
(172, 'Male'),
(173, 'Female'),
(174, 'Female'),
(175, 'Male'),
(176, 'Female'),
(177, 'Male');

INSERT INTO Personnel (personID, role, mandate) VALUES 
(4, 'Administrator','Salary'), -- (personID, role, mandate)
(6,'Administrator','Salary'),
(7,'Administrator','Volunteer'),
(8,'Administrator','Salary'),
(9,'Administrator','Volunteer'),
(10,'Trainer','Salary'),
(12,'Other','Salary'),
(14,'Administrator','Salary'),
(18,'Administrator','Volunteer'),
(22,'Administrator','Salary'),
(25,'Administrator','Volunteer'),
(26,'Administrator','Salary'),
(29,'Trainer','Volunteer'), --familyMember
(33,'Trainer','Salary'),
(35,'Other','Salary'),
(37, 'Trainer', 'Salary'),
(40,'Trainer','Volunteer'),
(41,'Trainer','Volunteer'), --familyMember
(43, 'Trainer','Salary'),
(44,'Trainer','Volunteer'),
(45,'Trainer','Volunteer'),
(46,'Other','Salary'),
(47, 'Trainer','Volunteer'),
(86, 'Administrator', 'Salary'),
(87, 'Administrator', 'Salary'),
(88, 'Trainer', 'Salary'),
(89, 'Administrator', 'Volunteer'),
(90, 'Administrator', 'Salary'),
(91, 'Administrator', 'Salary'),
(92, 'Other', 'Volunteer');

INSERT INTO Manages (locationID, personID, startDate, endDate) VALUES
(1,4,'2022-05-11',NULL),
(2,6,'2023-10-31',NULL),
(3,7,'2024-01-19',NULL),
(1,8,'2018-03-04','2021-05-10'),
(4,8,'2024-02-29',NULL),
(5,9,'2022-04-10',NULL),
(6,14,'2015-10-21',NULL),
(7,18,'2024-05-14',NULL),
(8,22,'2011-03-08',NULL),
(9,25,'2024-04-10',NULL),
(7,25,'2022-07-18','2024-01-18'),
(10,26,'2024-07-17',NULL),
(1, 86, '2021-05-10', '2021-12-31'),
(1, 87, '2022-01-01', '2022-05-11'),
(1, 89, '2018-01-16', '2018-03-04'),
(1, 90, '2017-04-21', '2018-01-16'),
(1, 91, '2012-08-17', '2017-04-21');


INSERT INTO Operates(locationID, personID, startDate, endDate) VALUES
(1,10,'2019-10-29',NULL),
(1,12,'2024-01-01',NULL),
(2,29,'2024-04-10','2024-07-12'),
(9,29,'2024-07-13',NULL),
(3,33,'2022-06-17',NULL),
(4,35,'2024-07-18',NULL),
(3, 37, '2023-10-22',NULL),
(5,40,'2023-12-11',NULL),
(10,41,'2024-02-29','2024-06-04'),
(6,41,'2024-06-03',NULL),
(5, 43, '2021-02-23', NULL),
(7,44,'2014-10-10',NULL),
(8,45,'2021-04-28',NULL),
(9,46,'2024-03-08',NULL),
(10,47,'2024-04-10',NULL),
(7, 88, '2016-06-26', NULL),
(3, 92, '2014-10-22', NULL),
(5, 91, '2020-05-04', NULL);;

INSERT INTO Registered_At (personID, locationID, startDate, endDate) VALUES
(1, 1, '2024-05-15', NULL), 
(48, 1, '2021-01-06', NULL),
(1, 9, '2023-12-13', '2024-05-14'),
(1, 3, '2023-06-23', '2023-12-11'),
(2, 1, '2022-03-17', '2023-09-23'),
(2, 2, '2023-09-30', NULL),
(50, 2, '2024-06-01', NULL),
(11, 3, '2023-07-18', '2024-01-01'), 
(52, 3, '2024-01-11', NULL), 
(11, 6, '2024-01-02', NULL),
(12, 4, '2021-09-01', NULL),
(54, 4, '2023-02-17', NULL),
(15, 5, '2023-06-20', NULL),
(56, 5, '2022-03-03', NULL),
(23, 6, '2021-01-13', NULL),
(58, 6, '2023-02-28', NULL),
(24, 7, '2024-01-22', NULL),
(60, 7, '2024-04-28', NULL),
(29, 8, '2020-05-22', NULL),
(62, 8, '2021-02-08', NULL),
(31, 9, '2023-03-10', NULL),
(64, 9, '2024-07-14', NULL),
(38, 10, '2024-03-29', NULL),
(41, 10, '2023-12-08', NULL),
(1, 5, '2023-02-01', '2023-06-20'),
(69, 1, '2023-01-02', '2023-04-12'),
(69, 5, '2023-04-12', '2023-11-15'),
(69, 7, '2023-11-15', '2024-03-19'),
(69, 10, '2024-03-19', NULL),
(70, 1, '2021-06-28', NULL),
(71, 2, '2023-01-18', NULL),
(72, 6, '2022-11-30', '2023-03-28'),
(72, 3, '2023-03-28', '2023-07-17'),
(72, 2, '2023-07-17', '2024-01-01'),
(72, 4, '2024-01-01', NULL),
(73, 3, '2022-05-02', NULL),
(75, 5, '2022-05-05', NULL),
(76, 6, '2022-07-16', NULL),
(77, 6, '2022-12-22', '2023-02-10'),
(77, 10, '2023-02-10', '2023-08-24'),
(77, 2, '2023-08-28', '2024-05-29'),
(77, 7, '2024-05-30', NULL),
(78, 8, '2021-08-11', NULL),
(79, 9, '2020-01-19', NULL),
(80, 10, '2021-06-23', NULL),
(81, 10, '2022-12-31', '2023-05-22'),
(81, 1, '2023-05-22', '2023-10-16'),
(81, 6, '2023-10-16', '2024-04-01'),
(81, 7, '2024-04-01', NULL),
(82, 3, '2021-08-11', NULL),
(83, 1, '2022-11-30', NULL),
(84, 4, '2020-02-28', NULL),
(85, 8, '2023-05-10', NULL),
(88, 6, '2021-07-29', NULL),
(91, 5, '2022-10-24', NULL),
(92, 9, '2023-03-18', NULL),
(93, 2, '2024-02-15', NULL);

INSERT INTO SecondaryFamilyMember (primaryFamilyMemberID, secondaryFamilyMemberID, firstName, lastName, telephoneNumber) VALUES
(2, 1, 'Johnny', 'Wilkins', '332-589-3559'),
(11, 1, 'Martin', 'Scorsh', '546-338-4129'),
(24, 1, 'Quill', 'Jackson', '889-112-3234'),
(29, 1, 'Tyler', 'Gordon', '665-332-1894'),
(38, 1, 'Mikayla', 'Taylor', '421-637-8872'),
(41, 1, 'Victor', 'Adams', '748-669-8043'),
(48, 1, 'Gabrielle', 'Tyson', '452-784-3115'),
(50, 1, 'Salpy', 'Peterson', '596-738-4764'),
(52, 1, 'Anthony', 'Sparks', '858-667-4381'),
(54, 1, 'Leila', 'Rose', '235-641-7738'),
(56, 1, 'Jenny', 'Tilson', '354-885-3444'),
(62, 1, 'Beth', 'Milton', '243-758-3621'),
(70 , 1, 'Michael', 'Jameson', '893-903-1004'),
(69 , 1, 'Emily', 'Davis', '328-894-0094'),
(71 , 1, 'Chris', 'Miller', '553-224-8844'),
(72 , 1, 'Jessica', 'Garcia', '653-444-2349'),
(74 , 1, 'David', 'Martinez', '672-211-0897'),
(77 , 1, 'Sarah', 'Lawson', '423-874-5536'),
(78 , 1, 'Ethan', 'Darwin', '389-762-1190'),
(79 , 1, 'Benjamin', 'Black', '421-748-2023'),
(91 , 1, 'Liam', 'Penns', '469-120-5784'),
(88 , 1, 'Sophia', 'Anderson', '857-933-2117');

INSERT INTO Assignment (familyMemberID, clubMemberID, secondaryID, locationID, startDate, endDate, primaryRelation, secondaryRelation) VALUES
(1, 3, NULL, 3, '2023-06-23', '2023-12-11', 'Father', NULL),
(1, 3, NULL, 9, '2023-12-13', '2024-05-14', 'Father', NULL),
(2, 5, 1, 1, '2022-03-17', '2023-09-23', 'Mother', 'Father'),
(1, 3, NULL, 1, '2024-05-15', NULL, 'Father', NULL),
(2, 5, 1, 2, '2023-09-30', NULL, 'Mother', 'Father'),
(2, 13, 1, 2, '2023-09-30', NULL, 'Mother', 'Father'),
(2, 17, 1, 2, '2023-09-30', NULL, 'Mother', 'Father'),
(11, 16, 1, 3, '2023-07-18', '2024-01-01', 'Mother', 'Father'),
(11, 16, 1, 6, '2024-01-02', NULL, 'Mother', 'Father'),
(12, 19, NULL, 4, '2021-10-19', NULL, 'Father', NULL),
(15, 20, NULL, 5, '2023-06-20', NULL, 'Mother', NULL),
(15, 21, NULL, 5, '2023-07-14', NULL, 'Mother', NULL),
(23, 27, NULL, 6, '2021-01-13', NULL, 'Mother', NULL),
(24, 28, 1, 7, '2024-01-22', NULL, 'Mother', 'Father'),
(29, 30, 1, 8, '2020-05-22', NULL, 'Mother', 'Father'),
(31, 32, NULL, 9, '2023-03-10', NULL, 'Mother', NULL),
(31, 34, NULL, 9, '2023-05-02', NULL, 'Mother', NULL),
(38, 36, 1, 10, '2024-03-29', NULL, 'Father', 'Mother'),
(38, 39, 1, 10, '2024-03-29', NULL, 'Father', 'Mother'),
(41, 42, 1, 10, '2023-03-11', NULL, 'Tutor', 'Other'),
(48, 49, 1, 1, '2021-01-06', NULL, 'Father', 'Mother'),
(50, 51, 1, 2, '2024-06-01', NULL, 'Father', 'Mother'),
(52, 53, 1, 3, '2024-01-11', NULL, 'Mother', 'Father'),
(54, 55, 1, 4, '2023-02-17', NULL, 'Father', 'Mother'),
(56, 57, 1, 5, '2022-03-03', NULL, 'Father', 'Mother'),
(58, 59, NULL, 6, '2023-02-28', NULL, 'Father', NULL),
(60, 61, NULL, 7, '2024-05-28', NULL, 'Father', NULL),
(62, 63, 1, 8, '2021-02-08', NULL, 'Father', 'Mother'),
(64, 65, NULL, 9, '2024-07-14', NULL, 'Father', NULL),
(11, 66, 1, 6, '2024-07-06', NULL, 'Mother', 'Father'),
(11, 67, 1, 6, '2024-07-06', NULL, 'Mother', 'Father'),
(11, 68, 1, 6, '2024-01-02', NULL, 'Mother', 'Father'),
(1, 3, NULL, 5, '2023-02-01', '2023-06-20', 'Father', NULL),
(69, 94, 1, 1, '2023-01-02', '2023-04-12', 'Mother', 'Father'),
(69, 94, 1, 5, '2023-04-12', '2023-11-15', 'Mother', 'Father'),
(69, 94, 1, 7, '2023-11-15', '2024-03-19', 'Mother', 'Father'),
(69, 94, 1, 10, '2024-03-19', NULL, 'Mother', 'Father'),
(69, 95, 1, 1, '2023-01-02', '2023-04-12', 'Mother', 'Father'),
(69, 95, 1, 5, '2023-04-12', '2023-11-15', 'Mother', 'Father'),
(69, 95, 1, 7, '2023-11-15', '2024-03-19', 'Mother', 'Father'),
(69, 95, 1, 10, '2024-03-19', NULL, 'Mother', 'Father'),
(69, 96, 1, 1, '2023-01-02', '2023-04-12', 'Mother', 'Father'),
(69, 96, 1, 5, '2023-04-12', '2023-11-15', 'Mother', 'Father'),
(69, 96, 1, 7, '2023-11-15', '2024-03-19', 'Mother', 'Father'),
(69, 96, 1, 10, '2024-03-19', NULL, 'Mother', 'Father'),
(69, 97, 1, 1, '2023-01-02', '2023-04-12', 'Mother', 'Father'),
(69, 97, 1, 5, '2023-04-12', '2023-11-15', 'Mother', 'Father'),
(69, 97, 1, 7, '2023-11-15', '2024-03-19', 'Mother', 'Father'),
(69, 97, 1, 10, '2024-03-19', NULL, 'Mother', 'Father'),
(70, 98, 1, 1, '2021-06-28', NULL, 'Mother', 'Father'),
(70, 99, 1, 1, '2022-03-28', NULL, 'Mother', 'Father'),
(70, 100, 1, 1, '2024-01-21', NULL, 'Mother', 'Father'),
(70, 101, 1, 1, '2024-05-14', NULL, 'Mother', 'Father'),
(71, 102, 1, 2, '2023-01-18', NULL, 'Mother', 'Father'),
(71, 103, 1, 2, '2023-01-18', NULL, 'Mother', 'Father'),
(71, 104, 1, 2, '2023-01-18', NULL, 'Mother', 'Father'),
(71, 105, 1, 2, '2023-10-07', NULL, 'Mother', 'Father'),
(72, 106, 1, 6, '2022-11-30', '2023-03-28', 'Father', 'Mother'),
(72, 106, 1, 3, '2023-03-28', '2023-07-17', 'Father', 'Mother'),
(72, 106, 1, 2, '2023-07-17', '2024-01-01', 'Father', 'Mother'),
(72, 106, 1, 4, '2024-01-01', NULL, 'Father', 'Mother'),
(72, 107, 1, 6, '2022-11-30', '2023-03-28', 'Father', 'Mother'),
(72, 107, 1, 3, '2023-03-28', '2023-07-17', 'Father', 'Mother'),
(72, 107, 1, 2, '2023-07-17', '2024-01-01', 'Father', 'Mother'),
(72, 107, 1, 4, '2024-01-01', NULL, 'Father', 'Mother'),
(72, 108, 1, 6, '2022-11-30', '2023-03-28', 'Father', 'Mother'),
(72, 108, 1, 3, '2023-03-28', '2023-07-17', 'Father', 'Mother'),
(72, 108, 1, 2, '2023-07-17', '2024-01-01', 'Father', 'Mother'),
(72, 108, 1, 4, '2024-01-01', NULL, 'Father', 'Mother'),
(72, 109, 1, 4, '2024-01-01', NULL, 'Father', 'Mother'),
(73, 110, NULL, 3, '2022-05-02', NULL, 'Father', 'Mother'),
(73, 111, NULL, 3, '2022-05-02', NULL, 'Father', 'Mother'),
(73, 112, NULL, 3, '2022-05-02', NULL, 'Father', 'Mother'),
(73, 113, NULL, 3, '2022-05-02', NULL, 'Father', 'Mother'),
(74, 114, 1, 7, '2023-09-22', NULL, 'Mother', 'Father'),
(74, 115, 1, 7, '2023-09-22', NULL, 'Mother', 'Father'),
(74, 116, 1, 7, '2023-09-22', NULL, 'Mother', 'Father'),
(74, 117, 1, 7, '2023-09-22', NULL, 'Mother', 'Father'),
(75, 118, NULL, 5, '2022-05-05', NULL, 'Mother', NULL),
(75, 119, NULL, 5, '2022-05-05', NULL, 'Mother', NULL),
(75, 120, NULL, 5, '2022-05-05', NULL, 'Mother', NULL),
(75, 121, NULL, 5, '2022-05-05', NULL, 'Mother', NULL),
(76, 122, NULL, 6, '2024-07-16', NULL, 'Mother', NULL),
(76, 123, NULL, 6, '2024-07-16', NULL, 'Mother', NULL),
(76, 124, NULL, 6, '2024-07-16', NULL, 'Mother', NULL),
(76, 125, NULL, 6, '2024-07-16', NULL, 'Mother', NULL),
(77, 126, 1, 6, '2022-12-22', '2023-02-10', 'Father', 'Mother'),
(77, 126, 1, 10, '2023-02-10', '2023-08-24', 'Father', 'Mother'),
(77, 126, 1, 2, '2023-08-28', '2024-05-29', 'Father', 'Mother'),
(77, 126, 1, 7, '2024-05-30', NULL, 'Father', 'Mother'),
(77, 127, 1, 6, '2022-12-22', '2023-02-10', 'Father', 'Mother'),
(77, 127, 1, 10, '2023-02-10', '2023-08-24', 'Father', 'Mother'),
(77, 127, 1, 2, '2023-08-28', '2024-05-29', 'Father', 'Mother'),
(77, 127, 1, 7, '2024-05-30', NULL, 'Father', 'Mother'),
(77, 128, 1, 6, '2022-12-22', '2023-02-10', 'Father', 'Mother'),
(77, 128, 1, 10, '2023-02-10', '2023-08-24', 'Father', 'Mother'),
(77, 128, 1, 2, '2023-08-28', '2024-05-29', 'Father', 'Mother'),
(77, 128, 1, 7, '2024-05-30', NULL, 'Father', 'Mother'),
(77, 129, 1, 6, '2022-12-22', '2023-02-10', 'Father', 'Mother'),
(77, 129, 1, 10, '2023-02-10', '2023-08-24', 'Father', 'Mother'),
(77, 129, 1, 2, '2023-08-28', '2024-05-29', 'Father', 'Mother'),
(77, 129, 1, 7, '2024-05-30', NULL, 'Father', 'Mother'),
(78, 130, 1, 8, '2021-08-11', NULL, 'Mother', 'Father'),
(78, 131, 1, 8, '2021-08-11', NULL, 'Mother', 'Father'),
(78, 132, 1, 8, '2021-08-11', NULL, 'Mother', 'Father'),
(78, 133, 1, 8, '2024-05-09', NULL, 'Mother', 'Father'),
(79, 134, 1, 9, '2020-01-19', NULL, 'Mother', 'Father'),
(79, 135, 1, 9, '2022-04-11', NULL, 'Mother', 'Father'),
(79, 136, 1, 9, '2022-04-11', NULL, 'Mother', 'Father'),
(79, 137, 1, 9, '2023-03-30', NULL, 'Mother', 'Father'),
(80, 138, NULL, 10, '2024-02-20', NULL, 'Mother', NULL),
(80, 139, NULL, 10, '2021-06-23', NULL, 'Mother', NULL),
(80, 140, NULL, 10, '2023-11-01', NULL, 'Mother', NULL),
(80, 141, NULL, 10, '2024-02-20', NULL, 'Mother', NULL),
(81, 142, NULL, 10, '2022-12-31', '2023-05-22', 'Father', NULL),
(81, 142, NULL, 1, '2023-05-22', '2023-10-16', 'Father', NULL),
(81, 142, NULL, 6, '2023-10-16', '2024-04-01', 'Father', NULL),
(81, 142, NULL, 7, '2024-04-01', NULL, 'Father', NULL),
(81, 143, NULL, 10, '2022-12-31', '2023-05-22', 'Father', NULL),
(81, 143, NULL, 1, '2023-05-22', '2023-10-16', 'Father', NULL),
(81, 143, NULL, 6, '2023-10-16', '2024-04-01', 'Father', NULL),
(81, 143, NULL, 7, '2024-04-01', NULL, 'Father', NULL),
(81, 144, NULL, 10, '2022-12-31', '2023-05-22', 'Father', NULL),
(81, 144, NULL, 1, '2023-05-22', '2023-10-16', 'Father', NULL),
(81, 144, NULL, 6, '2023-10-16', '2024-04-01', 'Father', NULL),
(81, 144, NULL, 7, '2024-04-01', NULL, 'Father', NULL),
(81, 145, NULL, 10, '2022-12-31', '2023-05-22', 'Father', NULL),
(81, 145, NULL, 1, '2023-05-22', '2023-10-16', 'Father', NULL),
(81, 145, NULL, 6, '2023-10-16', '2024-04-01', 'Father', NULL),
(81, 145, NULL, 7, '2024-04-01', NULL, 'Father', NULL),
(82, 146, NULL, 3, '2023-08-11', NULL, 'Father', NULL),
(82, 147, NULL, 3, '2023-08-11', NULL, 'Father', NULL),
(82, 148, NULL, 3, '2023-08-11', NULL, 'Father', NULL),
(82, 149, NULL, 3, '2023-08-11', NULL, 'Father', NULL),
(83, 150, NULL, 1, '2022-11-30', NULL, 'Father', NULL),
(83, 151, NULL, 1, '2022-11-30', NULL, 'Father', NULL),
(83, 152, NULL, 1, '2022-11-30', NULL, 'Father', NULL),
(83, 153, NULL, 1, '2022-11-30', NULL, 'Father', NULL),
(84, 154, NULL, 4, '2024-06-02', NULL, 'Mother', NULL),
(84, 155, NULL, 4, '2020-02-28', NULL, 'Mother', NULL),
(84, 156, NULL, 4, '2023-12-13', NULL, 'Mother', NULL),
(84, 157, NULL, 4, '2020-02-28', NULL, 'Mother', NULL),
(85, 158, NULL, 8, '2023-06-10', NULL, 'Mother', NULL),
(85, 159, NULL, 8, '2023-06-10', NULL, 'Mother', NULL),
(85, 160, NULL, 8, '2023-06-10', NULL, 'Mother', NULL),
(85, 161, NULL, 8, '2023-06-10', NULL, 'Mother', NULL),
(88, 162, 1, 6, '2024-05-14', NULL, 'Father', 'Mother'),
(88, 163, 1, 6, '2024-05-14', NULL, 'Father', 'Mother'),
(88, 164, 1, 6, '2021-07-29', NULL, 'Father', 'Mother'),
(88, 165, 1, 6, '2021-07-29', NULL, 'Father', 'Mother'),
(91, 166, 1, 5, '2022-10-24', NULL, 'Mother', 'Father'),
(91, 167, 1, 5, '2022-10-24', NULL, 'Mother', 'Father'),
(91, 168, 1, 5, '2023-07-03', NULL, 'Mother', 'Father'),
(91, 169, 1, 5, '2024-06-22', NULL, 'Mother', 'Father'),
(92, 170, NULL, 9, '2023-03-18', NULL, 'Mother', NULL),
(92, 171, NULL, 9, '2023-03-18', NULL, 'Mother', NULL),
(92, 172, NULL, 9, '2023-03-18', NULL, 'Mother', NULL),
(92, 173, NULL, 9, '2023-03-18', NULL, 'Mother', NULL),
(93, 174, NULL, 2, '2024-02-15', NULL, 'Mother', NULL),
(93, 175, NULL, 2, '2024-02-15', NULL, 'Mother', NULL),
(93, 176, NULL, 2, '2024-02-15', NULL, 'Mother', NULL),
(93, 177, NULL, 2, '2024-02-15', NULL, 'Mother', NULL);

INSERT INTO Team (teamName, headCoachID, gender) VALUES
('Team1', 6, 'Female'),
('Team2', 10, 'Male'),
('Team3', 9, 'Female'),
('Team4', 41, 'Male'),
('Team5', 12, 'Male'),
('Team6', 40, 'Female'),
('Team7', 33, 'Male'),
('Team8', 29, 'Female'),
('Team9', 41, 'Female'),
('Team10', 35, 'Male'),
('Team11', 2, 'Female');

INSERT INTO Apart_Of (teamName, personID, role, formationDateTime) VALUES
('Team1', 3, 'Goalkeeper', '2024-05-18 13:42:15'),
('Team1', 49, 'Forward', '2024-05-12 09:12:02'),
('Team2', 5, 'Goalkeeper', '2023-10-03 12:22:49'),
('Team2', 17, 'Midfielder','2023-10-04 11:58:32'),
('Team3', 16, 'Defender', '2024-07-19 15:19:54'),
('Team3', 27, 'Goalkeeper', '2024-07-19 15:15:20'),
('Team4', 32, 'Goalkeeper', '2024-07-23 12:14:48'),
('Team4', 34, 'Forward', '2024-07-23 12:16:30'),
('Team4', 65, 'Defender', '2024-07-23 12:17:57'),
('Team5', 36, 'Goalkeeper', '2024-04-01 10:28:44'),
('Team5', 42, 'Midfielder', '2024-04-01 12:56:21'),
('Team6', 19, 'Forward', '2023-02-21 14:22:13'),
('Team6', 55, 'Goalkeeper', '2023-02-21 14:27:39'),
('Team7', 20, 'Goalkeeper', '2023-06-22 09:13:22'),
('Team7', 57, 'Forward', '2023-06-23 08:34:06'),
('Team10', 66, 'Goalkeeper', '2024-07-29'),
('Team10', 67, 'Defender', '2024-07-27'),
('Team11', 13, 'Midfielder', '2023-11-03'),
('Team11', 51, 'Goalkeeper', '2024-06-05');

INSERT INTO Formed_At (teamName, locationID) VALUES
('Team1', 1),
('Team2', 2),
('Team3', 6),
('Team4', 9),
('Team5', 10),
('Team6', 4),
('Team7', 5),
('Team8', 8),
('Team9', 10),
('Team10', 6),
('Team11', 2);

INSERT INTO Sessions (sessionType, team1Score, team2Score, sessionStartDateTime, locationID) VALUES
('Training', 2, 1, '2024-05-20 11:30:00', 9),
('Training', 3, 5, '2023-10-29 18:00:00', 5),
('Game', 2, 4, '2024-08-01 15:00:00', 4),
('Game', 3, 1, '2024-07-30 18:30:00', 2),
('Game', 2, 3, '2024-08-02', 7),
('Game', 3, 1, '2024-06-14', 5);

INSERT INTO Plays (sessionNum, teamName1, teamName2) VALUES
(1, 'Team1', 'Team3'),
(2, 'Team2', 'Team7'),
(3, 'Team3', 'Team6'),
(4, 'Team4', 'Team5'),
(5, 'Team10', 'Team7'),
(6, 'Team6', 'Team11');