INSERT INTO Person (firstName, lastName, dateOfBirth, SSN, medicareCardNumber, telephoneNumber, emailAddress) VALUES
('John', 'Doe', '1989-01-16', '123456789', 'M123456', '123-456-7890', 'john.doe@gmail.com'), -- parent to 3
('Jane', 'Smith', '1990-02-22', '987654321', 'M987654', '321-654-0987', 'jane.smith@gmail.com'), -- parent to 5, 13, 17
('Alice', 'Doe', '2017-05-10', '456789123', 'M456789', '123-456-7890', 'alice.doe@hotmail.com'), -- child of 1
('Bob', 'Brown', '1995-04-11', '789123456', 'M789123', '789-123-4567', 'bob.brown@yahoo.com'), -- personnel president
('Charlie', 'Hall', '2020-06-05', '321654987', 'M321664', '321-654-0987', 'charlie.Hall@gmail.com'), -- child of 2
('David', 'Miller', '1982-06-12', '654321987', 'M654321', '654-321-9870', 'david.miller@hotmail.com'), -- personnel gm
('Ella', 'Wilson', '1988-07-22', '123987654', 'M123987', '321-987-6543', 'ella.wilson@hotmail.com'), -- personnel gm
('Frank', 'Moore', '1992-08-09', '987123456', 'M987123', '123-654-7890', 'frank.moore@yahoo.com'), -- personnel gm
('Grace', 'Taylor', '1997-09-30', '456123789', 'M456123', '789-456-1230', 'grace.taylor@yahoo.com'), -- personnel gm
('Hank', 'Anderson', '1983-10-10', '789456123', 'M789456', '456-789-4561', 'hank.anderson@gmail.com'), -- personnel
('Ivy', 'Harris', '1991-11-21', '321789456', 'M321789', '321-789-4561', 'ivy.harris@gmail.com'), -- parent to 16
('Jack', 'Martin', '1994-12-24', '654123987', 'M654123', '654-123-7894', 'jack.martin@gmail.com'), -- parent to 19 & personnel
('Kate', 'Hall', '2016-01-18', '789321654', 'M789321', '321-654-0987', 'kate.Hall@gmail.com'), -- child of 2
('Leo', 'Clark', '1987-02-14', '123654789', 'M123654', '123-654-7892', 'leo.clark@hotmail.com'), -- personnel gm
('Mia', 'Lewis', '1993-03-23', '456987321', 'M456987', '456-987-3214', 'mia.lewis@gmail.com'), -- parent to 20, 21
('Nina', 'Walker', '2015-04-16', '789654321', 'M789654', '321-789-4561', 'nina.walker@hotmail.com'), -- child of 11
('Oscar', 'Hall', '2018-11-02', '321456987', 'M321456', '321-654-0987', 'oscar.hall@yahoo.com'), -- child of 2 
('Pam', 'Young', '1986-08-18', '654789321', 'M654789', '654-789-3216', 'pam.young@yahoo.com'), -- personnel gm
('Quinn', 'Martin', '2019-03-30', '987654123', 'M987774', '654-123-7894', 'quinn.martin@yahoo.com'), -- child of 12
('Rick', 'Lopez', '2016-08-20', '123789654', 'M123789', '456-987-3214', 'rick.lopez@hotmail.com'), -- child of 15
('Sara', 'Lopez', '2019-07-21', '456321789', 'M456321', '456-987-3214', 'sara.lopez@gmail.com'), -- child of 15
('Tom', 'Hill', '1984-10-22', '789123654', 'M781123', '789-123-6540', 'tom.hill@gmail.com'), -- personnel gm
('Uma', 'Scott', '1990-01-15', '321654123', 'M321654', '321-654-1234', 'uma.scott@gmail.com'), -- parent to 27
('Vic', 'Green', '1997-12-24', '654789123', 'M654799', '654-789-1234', 'vic.green@gmail.com'), -- parent to 28
('Walt', 'Adams', '1988-02-25', '987321654', 'M987321', '987-321-6540', 'walt.adams@yahoo.com'), -- personnel gm
('Xena', 'Baker', '1993-05-08', '123456489', 'M113486', '123-456-7899', 'xena.baker@hotmail.com'), -- personnel gm
('Yara', 'Carter', '2020-03-27', '987554321', 'M887654', '321-654-1234', 'yara.carter@hotmail.com'), -- child of 23
('Zane', 'Evans', '2019-06-13', '654321988', 'M654331', '654-789-1234', 'zane.evans@gmail.com'), -- child of 24
('Amy', 'Mitchell', '1995-09-29', '321987654', 'M321987', '321-988-6543', 'amy.mitchell@gmail.com'), -- parent to 30 & personnel
('Ben', 'Perry', '2018-06-30', '654987123', 'M654987', '321-988-6543', 'ben.perry@hotmail.com'), -- child of 29
('Cathy', 'Reed', '1992-07-11', '987321456', 'M987381', '987-321-6541', 'cathy.reed@gmail.com'),-- parent to 32, 34
('Dan', 'Harris', '2017-05-16', '123456123', 'M122656', '987-321-6541', 'dan.harris@gmail.com'), -- child of 31
('Ella', 'Ward', '1987-07-02', '456789456', 'M455589', '456-789-4556', 'ella.ward@gmail.com'), -- personnel
('Frank', 'Harris', '2016-10-03', '789123789', 'M719123', '987-321-6541', 'frank.harris@gmail.com'), -- child of 31
('Grace', 'Gomez', '1989-10-17', '321654321', 'M331654', '321-654-3210', 'grace.gomez@yahoo.com'), -- personnel
('Hank', 'Davis', '2018-12-05', '654321654', 'M657321', '654-321-6540', 'hank.davis@hotmail.com'), -- child of 38
('Ivy', 'Martinez', '1991-11-22', '987654987', 'M987634', '987-654-9870', 'ivy.martinez@hotmail.com'), -- personnel
('Jack', 'Davis', '1992-04-08', '123123123', 'M123123', '654-321-6540', 'jack.davis@gmail.com'), -- parent to 36, 39
('Kate', 'Davis', '2016-09-28', '456456456', 'M456456', '654-321-6540', 'kate.davis@hotmail.com'), -- child of 38
('Leo', 'Brown', '1994-08-31', '789789789', 'M789789', '789-789-7890', 'leo.brown@gmail.com'), -- personnel
('Amber', 'Josephs', '2001-02-22', '102220142', 'M985010', '514-467-8696', 'amber.jones@hotmail.com'), -- tutor of 42 & personnel
('Tyler', 'Collins', '2018-12-13', '948304294', 'M120395', '839-135-8954', 'tyler.collins@gmail.com'), -- associated child of 41
('Emily', 'Johnson', '2017-07-22', '456789012', 'M321450', '876-543-2109', 'emily.johnson@gmail.com'), -- personnel
('Jacob', 'White', '1993-11-05', '567890123', 'M987644', '765-432-1098', 'jacob.white@yahoo.com'), -- personnel
('Elizabeth', 'Swan', '1998-06-30', '678901234', 'M896543', '654-321-0987', 'eliz.swan@hotmail.com'), -- personnel
('Jack', 'Sparrow', '2017-09-12', '789012345', 'M765432', '543-210-9876', 'jackie.boy@gmail.com'),-- personnel
('William', 'Turner', '1985-03-15', '345678901', 'M654021', '987-654-3210', 'william.turner@gmail.com'), -- personnel
('Nicolas', 'Cage', '1990-06-07', '545368901', 'M899223', '654-321-0987', 'nicolas.cage@yahoo.com'), -- parent of 49
('Anya', 'Cage', '2017-02-01', '545368291', 'M899323', '654-321-0987', 'anya.cage@yahoo.com'), -- child of 48
('Tony', 'Stark', '1988-02-19', '678963834', 'M122284', '789-012-3456', 'starkatwork@hotmail.com'), -- parent of 51
('Nicky', 'Stark', '2016-09-23', '514963834', 'M932056', '789-012-3456', 'nickystark@hotmail.com'), -- child of 50
('Pepper', 'Potts', '1992-12-30', '789012385', 'M654284', '123-456-7890', 'peppperpotts@gmail.com'),-- parent of 53
('Howard', 'Potts', '2015-05-22', '938012345', 'M654093', '123-456-7890', 'Howardpotts@gmail.com'),-- child of 52
('Luke', 'Skywalker', '1985-09-05', '890123456', 'M543210', '987-654-3210', 'lukeissky@yahoo.com'),-- parent of 55
('Olivia', 'Skywalker', '2016-11-04', '930403829', 'M873954', '987-654-3210', 'oliviaissky@yahoo.com'),-- child of 54
('Anakin', 'Vader', '1973-04-17', '901234347', 'M309654', '321-987-6540', 'anakinvader@gmail.com'),-- parent of 57
('James', 'Vader', '2018-01-26', '901234923', 'M989654', '321-987-6540', 'vaderinjames@gmail.com'),-- child of 56
('Ava', 'Nitiri', '1980-07-21', '012393678', 'M456730', '654-321-9870', 'ava.nitiri@hotmail.com'),-- parent of 59
('Toruk', 'Nitiri', '2017-09-09', '012345028', 'M436789', '654-321-9870', 'toruk.walker@hotmail.com'),-- child of 58
('Mason', 'Barbosa', '1995-10-12', '937294729', 'M903803', '987-123-4560', 'barbosaatpearl@yahoo.com'),-- parent of 61
('Jackie', 'Barbosa', '2018-02-28', '209837847', 'M894954', '987-123-4560', 'jackiebarbosa@yahoo.com'),-- child of 60
('Davy', 'Jones', '1993-01-25', '384028034', 'M948750', '456-789-1234', 'davyjones@gmail.com'),-- parent of 63
('Calipso', 'Jones', '2016-11-03', '930839762', 'M876584', '456-789-1234', 'jonescalipso@gmail.com'),-- child of 62
('Ethan', 'Hunt', '1986-08-30', '349488901', 'M764732', '321-456-7890', 'ethanhunt@gmail.com'),-- parent of 65
('Gary', 'Hunt', '2018-08-30', '345090901', 'M765352', '321-456-7890', 'garyathunt@gmail.com'); --child of 64

INSERT INTO Location (locationName, phoneNumber, webAddress, type, capacity) VALUES 
('YSC Concordia', '514-848-2424', 'https://www.yscconcordia.ca', 'Head', 100),
('YSC McGill',  '514-398-7878', 'https://www.yscmcgill.ca', 'Branch', 100),
('YSC Laval', '450-686-4777', 'https://www.ysclaval.ca', 'Branch', 75),
('YSC Longeuil', '450-463-1835', 'https://www.ysclongeuil.ca', 'Branch', 50),
('YSC Sherbrooke', '450-963-5855', 'https://www.yscsherbrooke.ca', 'Branch', 70),
('YSC Brossard', '450-781-4447', 'https://www.yscbrossard.ca', 'Branch', 40),
('YSC Gatineau', '819-595-3900', 'https://www.yscgatineau.ca', 'Branch', 40),
('YSC Trois-Rivieres', '819-376-5011', 'https://www.ysctrois-rivieres.ca', 'Branch', 30),
('YSC Drummondville', '819-478-5011', 'https://www.yscdrummondville.ca', 'Branch', 30),
('YSC Terrebonne', '450-961-0110', 'https://www.yscterrebonne.ca', 'Branch', 60);

INSERT INTO LocationDetails (address, city, province, postalCode) VALUES
('123 Main St', 'Laval', 'Quebec', 'A1A1A1'),
('456 Elm St', 'Montreal', 'Quebec', 'B2B2B2'),
('101 Pine St', 'Montreal', 'Quebec', 'D4D4D4'),
('303 Birch St', 'Brossard', 'Quebec', 'F6F6F6'),
('404 Cedar St', 'Longeuil', 'Quebec', 'G7G7G7'),
('505 Walnut St', 'Terrebone', 'Quebec', 'H8H8H8'),
('606 Chestnut St', 'Sherbrooke', 'Quebec', 'I9I9I9'),
('707 Spruce St', 'Montreal', 'Quebec', 'J1J1J1'),
('808 Willow St', 'Brossard', 'Quebec', 'K2K2K2'),
('909 Palm St', 'Longeuil', 'Quebec', 'L3L3L3'),
('1111 Fir St', 'Laval', 'Quebec', 'N5N5N5'),
('1212 Redwood St', 'Terrebone', 'Quebec', 'O6O6O6'),
('1515 Poplar St', 'Trois-Riviere', 'Quebec', 'R9R9R9'),
('1919 Alder St', 'Gatineau', 'Quebec', 'V4V4V4'),
('2020 Ash St', 'Gatineau', 'Quebec', 'W5W5W5'),
('2121 Olive St', 'Trois-Riviere', 'Quebec', 'X6X6X6'),
('2222 Mulberry St', 'Drummondville', 'Quebec', 'Y7Y7Y7'),
('2323 Alder St', 'Montreal', 'Quebec', 'Z8Z8Z8'),
('3883 Cedar St', 'Sherbrooke', 'Quebec', 'C2C2C2'),
('4813 Chestnut St', 'Drummondville', 'Quebec', 'E4E4E4'),
('3030 Willow St', 'Terrebone', 'Quebec', 'G6G6G6'),
('3232 Cypress St', 'Sherbrooke', 'Quebec', 'I8I8I8'),
('3333 Fir St', 'Laval', 'Quebec', 'L2L2L2'),
('3434 Redwood St', 'Laval', 'Quebec', 'K1K1K1'),
('3737 Poplar St', 'Trois-Riviere', 'Quebec', 'N4N4N4'),
('2551 Bird St', 'Sherbrooke', 'Quebec', 'H7T5G3'),
('4839 Oak St', 'Sherbrooke', 'Quebec', 'H8G2X1'),
('2020 Maple Ave', 'Toronto', 'Ontario', 'M4B 1B2'),
('404 Birch St', 'Vancouver', 'British Columbia', 'V5K 1A1'),
('303 Cedar St', 'Calgary', 'Alberta', 'T2P 2N5'),
('1010 Pine St', 'Edmonton', 'Alberta', 'T5A 0A1'),
('404 Cedar St', 'Calgary', 'Alberta', 'T2P 1A2'),
('505 Oak St', 'Edmonton', 'Alberta', 'T5A 1A1'),
('606 Pine St', 'Montreal', 'Quebec', 'H1A 1A1'),
('707 Maple St', 'Ottawa', 'Ontario', 'K1A 1A1'),
('808 Elm St', 'Toronto', 'Ontario', 'M5A 1A1'),
('909 Birch St', 'Vancouver', 'British Columbia', 'V6B 1B1'),
('1010 Cedar St', 'Calgary', 'Alberta', 'T3A 1A1'),
('1212 Oak St', 'Edmonton', 'Alberta', 'T6A 1A1'),
('1313 Pine St', 'Montreal', 'Quebec', 'H2A 1A1'),
('1455 De Maisonneuve Blvd. W.', 'Montreal', 'Quebec', 'H3G 1M8'),
('845 Sherbrooke St W', 'Montreal', 'Quebec', 'H3A 0G4'),
('1700 Rue Jacques-Tétreault', 'Laval', 'Quebec', 'H7N 0A5'),
('150 Pl. Charles-Le Moyne', 'Longeuil', 'Quebec', 'J4K 0A8'),
('7141 Sherbrooke Street W.', 'Sherbrooke', 'Quebec', 'H4B 1R6'),
('2000 R. de Éclipse', 'Brossard', 'Quebec', 'J4Z 0S2'),
('283 Alexandre-Taché Blvd', 'Gatineau', 'Quebec', 'J8X 3X7'),
('3351, boulevard des Forges', 'Trois-Rivieres', 'Quebec', 'G8Z 4M3'),
('555 Boul de Université', 'Drummondville', 'Quebec', 'J2C 0R5'),
('550 Chem. du Coteau Suite 100', 'Terrebonne', 'Quebec', 'J6W 5H2');

INSERT INTO Lives_At (personID, postalCode) VALUES
(1, 'A1A1A1'),
(2, 'B2B2B2'),
(3, 'A1A1A1'),
(4, 'D4D4D4'),
(5, 'B2B2B2'),
(6, 'F6F6F6'),
(7, 'G7G7G7'),
(8, 'H8H8H8'),
(9, 'I9I9I9'),
(10, 'J1J1J1'),
(11, 'K2K2K2'),
(12, 'L3L3L3'),
(13, 'B2B2B2'),
(14, 'N5N5N5'),
(15, 'O6O6O6'),
(16, 'K2K2K2'),
(17, 'B2B2B2'),
(18, 'R9R9R9'),
(19, 'L3L3L3'),
(20, 'O6O6O6'),
(21, 'O6O6O6'),
(22, 'V4V4V4'),
(23, 'W5W5W5'),
(24, 'X6X6X6'),
(25, 'Y7Y7Y7'),
(26, 'Z8Z8Z8'),
(27, 'W5W5W5'),
(28, 'X6X6X6'),
(29, 'C2C2C2'),
(30, 'C2C2C2'),
(31, 'E4E4E4'),
(32, 'E4E4E4'),
(33, 'G6G6G6'),
(34, 'E4E4E4'),
(35, 'I8I8I8'),
(36, 'L2L2L2'),
(37, 'K1K1K1'),
(38, 'L2L2L2'),
(39, 'L2L2L2'),
(40, 'N4N4N4'),
(41, 'H7T5G3'),
(42, 'H8G2X1'),
(43, 'M4B 1B2'),
(44, 'V5K 1A1'),
(45, 'T2P 2N5'),
(46, 'T5A 0A1'),
(47, 'M4B 1B2'),
(48, 'T2P 1A2'),
(49, 'T2P 1A2'),
(50, 'T5A 1A1'),
(51, 'T5A 1A1'),
(52, 'H1A 1A1'),
(53, 'H1A 1A1'),
(54, 'K1A 1A1'),
(55, 'K1A 1A1'),
(56, 'M5A 1A1'),
(57, 'M5A 1A1'),
(58, 'V6B 1B1'),
(59, 'V6B 1B1'),
(60, 'T3A 1A1'),
(61, 'T3A 1A1'),
(62, 'T6A 1A1'),
(63, 'T6A 1A1'),
(64, 'H2A 1A1'),
(65, 'H2A 1A1');

INSERT INTO Found_At (locationID, postalCode) VALUES 
(1, 'H3G 1M8'),
(2, 'H3A 0G4'),
(3, 'H7N 0A5'),
(4, 'J4K 0A8'),
(5, 'H4B 1R6'),
(6, 'J4Z 0S2'),
(7, 'J8X 3X7'),
(8, 'G8Z 4M3'),
(9, 'J2C 0R5'),
(10, 'J6W 5H2');

INSERT INTO FamilyMember (personID) VALUES 
(1), -- (parent's personID)
(2),
(11),
(12),
(15),
(23),
(24),
(29),
(31),
(38),
(41),
(48),
(50),
(52),
(54),
(56),
(58),
(60),
(62),
(64);

INSERT INTO ClubMember (personID, gender) VALUES 
(3, 'Female'), -- (child's ID, gender)
(5, 'Male'),
(13,'Female'),
(17, 'Male'),
(16, 'Female'),
(19, 'Female'),
(20, 'Male'),
(21, 'Female'),
(27, 'Female'),
(28, 'Male'),
(30, 'Male'),
(32, 'Male'),
(34, 'Male'),
(36, 'Male'),
(39, 'Female'),
(42, 'Male'),
(49, 'Female'),
(51, 'Female'),
(53, 'Male'),
(55, 'Female'),
(57, 'Male'),
(59, 'Male'),
(61, 'Female'),
(63, 'Female'),
(65, 'Male');

INSERT INTO Personnel (personID, role, mandate) VALUES 
(4, 'Administrator','Salary'), -- (personID, role, mandate)
(6,'Administrator','Salary'),
(7,'Administrator','Volunteer'),
(8,'Administrator','Salary'),
(9,'Administrator','Volunteer'),
(10,'Trainer','Salary'),
(12,'Other','Salary'),
(14,'Administrator','Salary'),
(18,'Administrator','Volunteer'),
(22,'Administrator','Salary'),
(25,'Administrator','Volunteer'),
(26,'Administrator','Salary'),
(29,'Trainer','Volunteer'), --familyMember
(33,'Trainer','Salary'),
(35,'Other','Salary'),
(37, 'Trainer', 'Salary'),
(40,'Trainer','Volunteer'),
(41,'Trainer','Volunteer'), --familyMember
(43, 'Trainer','Salary'),
(44,'Trainer','Volunteer'),
(45,'Trainer','Volunteer'),
(46,'Other','Salary'),
(47, 'Trainer','Volunteer');

INSERT INTO Manages (locationID, personID, startDate, endDate) VALUES
(1,4,'2022-05-11',NULL),
(2,6,'2023-10-31',NULL),
(3,7,'2024-01-19',NULL),
(1,8,'2018-03-04','2021-05-10'),
(4,8,'2024-02-29',NULL),
(5,9,'2022-04-10',NULL),
(6,14,'2015-10-21',NULL),
(7,18,'2024-05-14',NULL),
(8,22,'2011-03-08',NULL),
(9,25,'2024-04-10',NULL),
(7,25,'2022-07-18','2024-01-18'),
(10,26,'2024-07-17',NULL);


INSERT INTO Operates(locationID, personID, startDate, endDate) VALUES
(1,10,'2019-10-29',NULL),
(1,12,'2024-01-01',NULL),
(2,29,'2024-04-10','2024-07-12'),
(9,29,'2024-07-13',NULL),
(3,33,'2022-06-17',NULL),
(4,35,'2024-07-18',NULL),
(3, 37, '2023-10-22',NULL),
(5,40,'2023-12-11',NULL),
(10,41,'2024-02-29','2024-06-04'),
(6,41,'2024-06-03',NULL),
(5, 43, '2021-02-23', NULL),
(7,44,'2014-10-10',NULL),
(8,45,'2021-04-28',NULL),
(9,46,'2024-03-08',NULL),
(10,47,'2024-04-10',NULL);

INSERT INTO Registered_At (personID, locationID, startDate, endDate) VALUES
(1, 1, '2024-05-15', NULL), 
(48, 1, '2021-01-06', NULL),
(1, 9, '2023-12-13', '2024-05-14'),
(1, 3, '2023-06-23', '2023-12-11'),
(2, 1, '2022-03-17', '2023-09-23'),
(2, 2, '2023-09-30', NULL),
(50, 2, '2024-06-01', NULL),
(11, 3, '2023-07-18', '2024-01-01'), 
(52, 3, '2024-01-11', NULL), 
(11, 6, '2024-01-02', NULL),
(12, 4, '2021-09-01', NULL),
(54, 4, '2023-02-17', NULL),
(15, 5, '2023-06-20', NULL),
(56, 5, '2022-03-03', NULL),
(23, 6, '2021-01-13', NULL),
(58, 6, '2023-02-28', NULL),
(24, 7, '2024-01-22', NULL),
(60, 7, '2024-04-28', NULL),
(29, 8, '2020-05-22', NULL),
(62, 8, '2021-02-08', NULL),
(31, 9, '2023-03-10', NULL),
(64, 9, '2024-07-14', NULL),
(38, 10, '2024-03-29', NULL),
(41, 10, '2023-12-08', NULL);

INSERT INTO SecondaryFamilyMember (primaryFamilyMemberID, secondaryFamilyMemberID, firstName, lastName, telephoneNumber) VALUES
(2, 1, 'Johnny', 'Wilkins', '332-589-3559'),
(11, 1, 'Martin', 'Scorsh', '546-338-4129'),
(24, 1, 'Quill', 'Jackson', '889-112-3234'),
(29, 1, 'Tyler', 'Gordon', '665-332-1894'),
(38, 1, 'Mikayla', 'Taylor', '421-637-8872'),
(41, 1, 'Victor', 'Adams', '748-669-8043'),
(48, 1, 'Gabrielle', 'Tyson', '452-784-3115'),
(50, 1, 'Salpy', 'Peterson', '596-738-4764'),
(52, 1, 'Anthony', 'Sparks', '858-667-4381'),
(54, 1, 'Leila', 'Rose', '235-641-7738'),
(56, 1, 'Jenny', 'Tilson', '354-885-3444'),
(62, 1, 'Beth', 'Milton', '243-758-3621');

INSERT INTO Assignment (familyMemberID, clubMemberID, secondaryID, locationID, startDate, endDate, primaryRelation, secondaryRelation) VALUES
(1, 3, NULL, 3, '2023-06-23', '2023-12-11', 'Father', NULL),
(1, 3, NULL, 9, '2023-12-13', '2024-05-14', 'Father', NULL),
(2, 5, 1, 1, '2022-03-17', '2023-09-23', 'Mother', 'Father'),
(1, 3, NULL, 1, '2024-05-15', NULL, 'Father', NULL),
(2, 5, 1, 2, '2023-09-30', NULL, 'Mother', 'Father'),
(2, 13, 1, 2, '2023-09-30', NULL, 'Mother', 'Father'),
(2, 17, 1, 2, '2023-09-30', NULL, 'Mother', 'Father'),
(11, 16, 1, 3, '2023-07-18', '2024-01-01', 'Mother', 'Father'),
(11, 16, 1, 6, '2024-01-02', NULL, 'Mother', 'Father'),
(12, 19, NULL, 4, '2021-10-19', NULL, 'Father', NULL),
(15, 20, NULL, 5, '2023-06-20', NULL, 'Mother', NULL),
(15, 21, NULL, 5, '2023-07-14', NULL, 'Mother', NULL),
(23, 27, NULL, 6, '2021-01-13', NULL, 'Mother', NULL),
(24, 28, 1, 7, '2024-01-22', NULL, 'Mother', 'Father'),
(29, 30, 1, 8, '2020-05-22', NULL, 'Mother', 'Father'),
(31, 32, NULL, 9, '2023-03-10', NULL, 'Mother', NULL),
(31, 34, NULL, 9, '2023-05-02', NULL, 'Mother', NULL),
(38, 36, 1, 10, '2024-03-29', NULL, 'Father', 'Mother'),
(38, 39, 1, 10, '2024-03-29', NULL, 'Father', 'Mother'),
(41, 42, 1, 10, '2023-03-11', NULL, 'Tutor', 'Other'),
(48, 49, 1, 1, '2021-01-06', NULL, 'Father', 'Mother'),
(50, 51, 1, 2, '2024-06-01', NULL, 'Father', 'Mother'),
(52, 53, 1, 3, '2024-01-11', NULL, 'Mother', 'Father'),
(54, 55, 1, 4, '2023-02-17', NULL, 'Father', 'Mother'),
(56, 57, 1, 5, '2022-03-03', NULL, 'Father', 'Mother'),
(58, 59, NULL, 6, '2023-02-28', NULL, 'Father', NULL),
(60, 61, NULL, 7, '2024-05-28', NULL, 'Father', NULL),
(62, 63, 1, 8, '2021-02-08', NULL, 'Father', 'Mother'),
(64, 65, NULL, 9, '2024-07-14', NULL, 'Father', NULL);

INSERT INTO Team (teamName, headCoachID, gender) VALUES
('Team1', 6, 'Female'),
('Team2', 10, 'Male'),
('Team3', 9, 'Female'),
('Team4', 41, 'Male'),
('Team5', 12, 'Male'),
('Team6', 40, 'Female'),
('Team7', 33, 'Male');

INSERT INTO Apart_Of (teamName, personID, role, formationDateTime) VALUES
('Team1', 3, 'Goalkeeper', '2024-05-18 13:42:15'),
('Team1', 49, 'Forward', '2024-05-12 09:12:02'),
('Team2', 5, 'Goalkeeper', '2023-10-03 12:22:49'),
('Team2', 17, 'Midfielder','2023-10-04 11:58:32'),
('Team3', 16, 'Defender', '2024-07-19 15:19:54'),
('Team3', 27, 'Goalkeeper', '2024-07-19 15:15:20'),
('Team4', 32, 'Goalkeeper', '2024-07-23 12:14:48'),
('Team4', 34, 'Forward', '2024-07-23 12:16:30'),
('Team4', 65, 'Defender', '2024-07-23 12:17:57'),
('Team5', 36, 'Goalkeeper', '2024-04-01 10:28:44'),
('Team5', 42, 'Midfielder', '2024-04-01 12:56:21'),
('Team6', 19, 'Forward', '2023-02-21 14:22:13'),
('Team6', 55, 'Goalkeeper', '2023-02-21 14:27:39'),
('Team7', 20, 'Goalkeeper', '2023-06-22 09:13:22'),
('Team7', 57, 'Forward', '2023-06-23 08:34:06');

INSERT INTO Formed_At (teamName, locationID) VALUES
('Team1', 1),
('Team2', 2),
('Team3', 6),
('Team4', 9),
('Team5', 10),
('Team6', 4),
('Team7', 5);

INSERT INTO Sessions (sessionType, team1Score, team2Score, sessionStartDateTime, locationID) VALUES
('Training', 2, 1, '2024-05-20 11:30:00', 9),
('Training', 3, 5, '2023-10-29 18:00:00', 5),
('Game', 2, 4, '2024-08-01 15:00:00', 4),
('Game', 3, 1, '2024-07-30 18:30:00', 2);

INSERT INTO Plays (sessionNum, teamName1, teamName2) VALUES
(1, 'Team1', 'Team3'),
(2, 'Team2', 'Team7'),
(3, 'Team3', 'Team6'),
(4, 'Team4', 'Team5');